id,phone_sequence
fadg0_si1279,hIwLAJUarDBLMrDwLMwQU
fadg0_si1909,tbLKFPLuwDBPJLIwDBULHwDyNwKr
fadg0_si649,wLJcQrJUtrCcBbLHwQBDwLMywQLHrLHwJwDrJLHnLMtrvrIFwLABymrKnLH
fadg0_sx109,KyJBLkwDJLhIwELuvrnELABaDlcJLMyLHJBFLH
fadg0_sx19,cBwCwDnDJFQSrLAwDBtwDLhytBcDUwyE
fadg0_sx199,TcDLKiwBLkrDKOmcQBwmwLAJLhcFnKirLMwLAwDLMsLzwJLkwUyUcDJ
fadg0_sx289,SnlrLHIytLAcBKwUrQwIyTPJtcBnDJyemB
fadg0_sx379,HsbDLuwDJLMIglyEBcJDwDUBDNrwJLMswU
faks0_si1573,vwJLAbLMcDFcJLNwDcDvbLurLknDwULHyTPmwtBLhFLMJLSrSaIcDwDKibLhy
faks0_si2203,lnQIywJcBwJtrlwJLMgQJyELktBwKLDeB
faks0_si943,HrLkcLAKwCstaBNtaILhBSceFnLAJLHwLMsKwDJU
faks0_sx133,HyLJrIywJaILAwElyETwDtrwLASwLABcDLMK
faks0_sx223,HOLlcLhcLMrLhaLMsLhBcDlwLurIaK
faks0_sx313,uaLMtagLJtaBDJwDlcLhaLAJLHctaIyLuBeBLg
faks0_sx403,vrSaILkIFLhLAcDJwJcQFByJLAraILMJcDBgDLJwJU
faks0_sx43,nBlrByLHyLHBaraDNcDwLAJLABPLkwLk
fcal1_si1403,nBSsUNnDkwlwLHsKwDJgLAwLABLhBSgDwJLCsbDwtwJwLJnBt
fcal1_si2033,hOnLhwLABUBKsDLkwNlrIFSsnJLMawBgLlnJ
fcal1_si773,BLHIaLznLAJLMIgJBytrJnQBLksbsDwJ
fcal1_sx143,lwJbeDkwLzwDwtrULhTPLuBJLAswrlwnDBcBaF
fcal1_sx233,vgeSsnDtIySsCyDlwJbsDlswD
fcal1_sx323,lwtaLHrQnDmwlnDtrCrIgQwDFcDLMaerwD
fcal1_sx413,kbtLDyJLSymwJLDsmcLHSwLULAartcCbLzLMrJLArLM
fcal1_sx53,wyDwJwLhBQBwLAbLhTwBnIsLAwDLMsDJnDLhBU
fcmh0_si1454,cnIwLzBsyLlwCsDLMgLKTPwULMSrQnIywJLAcCLHwUswKwDUcQLHBnJLMrJU
fcmh0_si2084,ScmwLhbmwLMyIwDlswD
fcmh0_si824,JnQBctrDUnCsLiwDLkgUwEnDcUgDLHInLHrsKwDNPNQyCnDwtQbLKirwU
fcmh0_sx104,vyJLcBaBcLkagDLQrClcLhsLur
fcmh0_sx14,hytarNnrULwUwLUbCrLIyQTPnQIytaICcBc
fcmh0_sx194,hsnDLzGswSnDgnBLkwKwD
fcmh0_sx284,zntlcLTPaILuTPLkwDQsQrcBwUwDLzwtTPLzLHrLiwJU
fcmh0_sx374,zaDBysDUKnBtwKtaBnwED
fdac1_si1474,vbJLAyeDCsbDwvyUJbLhBwDNLCaLkwJLMbsJNJU
fdac1_si2104,vebtveKvytNeaLsLkBgKJLkwQGScJsyLbDBgbJLM
fdac1_si844,tlegJLMbLDwLAFBcDtcKwDUJsywUwLisyQLMLbLlysLAJLhbDLMJcQDbLiaSagLsLAJLHnIywDLHJ
fdac1_sx124,eaLzwLJzJLCsmwLHPmrLhTPBmctB
fdac1_sx214,lcCacDwDLkwBcDlwJLhgnLkwSbLuBnJnDLkwLwDlwJecD
fdac1_sx304,iyLHJLMeabLuyEwUcCabDlctInJLMgDlnBLhacDk
fdac1_sx34,keFDLkPLiebByULksmyLkswKwU
fdac1_sx394,AbBJywCsLJLBaFDwJwDLMycJLMIecD
fdms0_si1218,HcBcLJCaIBQrLMSnByvyCwDLHbwKDU
fdms0_si1502,wSwUDgwLUByLHvnDwcsSsLMyLhBwLHsLAwLDeDLzwJwLnr
fdms0_si1848,SyLAwDLkegLMyByLADLkgBgLAIwBLHyLHB
fdms0_sx138,lwLABcDUwLAwJLCSrJLhcnBJcDlwLAJLhwDUcULHrtywD
fdms0_sx228,lwvyPLHawDkcBQrwlcLlywDKD
fdms0_sx318,HByULkwLDcLHwLMsmwUncLhytBtIacJLM
fdms0_sx408,gLkIclwJcLhSgLhwvbQwDkwDwtLiswDLz
fdms0_sx48,uInDclreLuIPvrInLHIwDywDLHnDwLAwLMJU
fdrw0_si1283,lwQwEwDwKnBLlwlwQsmyBbLMwIymyctaBeLlwLAsUQIbLHlcLBynLMtecJLM
fdrw0_si1423,hbeLkacDvyLuemcLMwLhB
fdrw0_si653,KznBylwJwUwIyabBcmySyBwDeByLzJ
fdrw0_sx113,snDCnJLuTwBngebLkwCwDLwULuwLutIPTwLhebtLAkLN
fdrw0_sx203,lwLAcgUSsnDlwLhIcLlBsyLnLlwKwBar
fdrw0_sx23,lFUDyUwKwDMaCwDgUDaclcBcJLBsy
fdrw0_sx293,ByULMsLlwULkrmyLMscLAcLMwlwLAIyDwUtwDCs
fdrw0_sx383,lwLAaLHwLAIyDwKbCLHBwDaraIwBnDcBIeLk
fedw0_si1084,lnLlsDBvDLCsLhyLhctaICsKnDcDLBclsKsLtBtSsLiLHbBLhwKsLJlyQaBt
fedw0_si1653,vsJLhBLuJFlwBs
fedw0_si1714,vKBnrwJLScQPBaLALSwDBaDlByJLMnLhsywD
fedw0_sx184,lsLAbLJCyEByeaBLaBSsUvryLJLDgLyTwrU
fedw0_sx274,ABntLScJwPULhBLkcBcLzTwInJLDctJNaBLiz
fedw0_sx364,yLzcDLMeDBswELABCBaJLABnDJtegmwLASwLlcLhIrsLkeDLADcQsvymwDuUwJLMcDLHFaLM
fedw0_sx4,zbswCsnIswDCFacCgDwQLheSrLAwDvaILk
fedw0_sx94,DeEAJLMrUBeBQLAeCwDPLAbDLkynJLMIsLMJU
fgjd0_si1179,ScLKclyUwQtnLAJLly
fgjd0_si549,lsULHIFLuIwDUnDLMwJegUNwLAJnLMrDJcQLhgIsKBLABnJLrwDULHyDUeLBy
fgjd0_si818,hecDUwELAarLBwLzLMInDULCwLMaBsyLwDLMwDLMPwtBnLwDBLMrJaDwLAJwLDFBJU
fgjd0_sx189,kwJLMzaFswnIytaeIwBsDmwLMwCweaLkwLJU
fgjd0_sx279,bBtJwUcLhwBcLMyLMPSrLAScNnJwDHrLhwKwDwUDBLSrly
fgjd0_sx369,heaLHsLHrmuFQwlcBwIyEBrwDBwrBU
fgjd0_sx9,vSnISryDTPQvSaSySrcSsDy
fgjd0_sx99,DwksQBJcJgkySwULHsDJLMrvgnrarLAyU
fjem0_si1264,lbDNwUFaBNDwDsLkSwNJaDLurwJLHFLHuwDwQrUNcQU
fjem0_si1894,gtaclnInDBwDCatvwJwLANyTwUwLueB
fjem0_si634,vyrvynwJLASgLHrJLSsNtwQByLlwQnIsEwDLhBgmwCnmwQDCywDntJDJtBagDlwtJn
fjem0_sx184,wLAbLMJLCyeaBwJNvrLNJCgwDyTwDrU
fjem0_sx274,ABntBwJPNLhglcBLAKBnywJLCwtNaeaBwU
fjem0_sx364,yLzcDLMvgDBswELAcCBaJLAFcDNJgmwLkSwNlcLhIsLkeDvbQsvymwEDJcJLkwDLHvar
fjem0_sx4,zswDCsLArnCaICgDyLhgSrLAwDlcvCar
fjem0_sx94,TcEtJLMrUtBcQLAvnCwDLMvsbDLkywJLinIyLMJ
fjmg0_si1181,HIaLHBsByULlwLHInUwDLhFOcLAwUnDbDLAJBwDLwDULMrCnDnQwDBgDCswLQ
fjmg0_si1811,HIbUwBsvwULSamrLhInmrJnLhIntlcJBy
fjmg0_si551,wUwCblnIreclnDeaLMwJLMyLieBnLtaBLAk
fjmg0_sx101,AwDBaILDJinBLuwDLknLArngLlnLAgbJNIbCJtraBvaBLkbsJn
fjmg0_sx11,vySnBbeaBrsnBer
fjmg0_sx191,SwJLkIaBteDybLAyUJsKwDUwLSaDLMJ
fjmg0_sx281,AaIywDLMIsKJLHBgLMvbLuSwNLhyLzLheBJtrearJN
fjmg0_sx371,IgLDbyeDCsDaLhsQlwLhnJLMeDtrLhwUDwJLCaIwLzrU
fjsj0_si1484,lnraBUFScgDwJLJyLArwUbtLMrLMIyNJU
fjsj0_si2114,JLksELhszwUnLCBcCnLlFwULkagU
fjsj0_si854,wPLArLzwDLkwnLJwUgUlrLhwtwLJ
fjsj0_sx134,wUwQrwLznDBrywrDgULCnDJLMcULhwLkwCgybDy
fjsj0_sx224,HvgLuOLzrLzTrnDLJM
fjsj0_sx314,wJLHyLcSrCaILznDrnUlnQwLhyDFDyLktaSnBNtnr
fjsj0_sx404,haILhrLHsLHIwBywUwLhwLhcDLBgr
fjsj0_sx44,lbULMcLhBcLALhwDwrLMsDwELuJLHarLk
fkms0_si1490,HIvcLHJwScUIgwLMcLHIvbLHJwLScULMznJLM
fkms0_si2120,vyLHagUJLMLlnDbmwLkLnQrNnDBwKwLcwUcSnLHcD
fkms0_si860,lyUwDMBPLkLcLByQUwQbLUDUwULcBcJwULnBnBtNJU
fkms0_sx140,bLurLABLMIBLHInLAUarLAcDyQwDByLkwJLMwLhwmw
fkms0_sx230,cBySsvwrLhcInKLcBgULaBnrU
fkms0_sx320,lwDwrJwDwLuecLcCsDcLhySwNnDScLAwDLkwJLMwDJU
fkms0_sx410,uInLhgUJtnKLCnBLAyLiLSyLksCaDwEC
fkms0_sx50,AcmwJMIatwLALncDeDwLAcLhbLAJULnDwLuBnLlcLHBar
fmah0_si1289,ctIsCwLkByUcLMsanr
fmah0_si1919,nQwBCswQDwJvyBCsJsDQnDnUwJNnBwDBsUy
fmah0_si659,vywJtswULzIywUcUcBrCLTnmyLzLCsBwUNIwLAwDBNUtwUeDvBJLiIywDSw
fmah0_sx119,lwDCwULAnBwUNIPLMIbgLMrLkSwtnDwLHaBcLzy
fmah0_sx209,CgLABLABLhwLhbkIwCaBSwNLAIsacDU
fmah0_sx29,vnQLuInLkwLHsLAwLHsLAwQLHlwLAswNU
fmah0_sx299,JUgDwELAIsCwUwLHaLHwgmwCrDveBIyEc
fmah0_sx389,BeDwLhwDMvaJNcDBrwCFLArLByJegLk
fmml0_si1040,SDaIlwDPwULwDLuBcLzcLwDwDwLAJLMByLksDLzwJBnLAKry
fmml0_si1670,HnLDFLhwULDwJnFQwvwnrLacJLMsLAeLwDySy
fmml0_si2300,CcCclnSwULhwJgLkrJnBtSwLATrIyebJwmy
fmml0_sx140,vnDrLABLiBLHaDmnLAJarwDyBwDBywLkcJLMwLhyw
fmml0_sx230,lcBeBcByPsvwrLhwLIbKcagUaeBnrU
fmml0_sx320,wDwJwDwLueaLCswDcDLhywlwDSaLAwDLkwJLMDLMJU
fmml0_sx410,uInLhgUtnKLDBrLAyLiLSyLALksCSaIDwEe
fmml0_sx50,BcJLMcbtwLAnLHBwDcCwLBwLcLbLAJLCwLurLlcLHBar
fnmr0_si1399,lnJcJgsmyIwBnLuUwJLMcbUwLbDLMwLMyFQrDwCLhelwLuBCrsKwDcCbD
fnmr0_si2029,wDFeLMcQLAcaLAsCnDLMPvwULtBsJl
fnmr0_si769,cLJcmwJgLMwLkIegsSwNBnmcDzrLurLhBrLN
fnmr0_sx139,lwLhcELucBScULHBnUcByJwLiPnmwLDlnlwKar
fnmr0_sx229,gBLAwEtarCHBgCwDLMJ
fnmr0_sx319,cLhwLuFLMcLAgcBsLbCLhBLkNIwlwNtarCyar
fnmr0_sx409,yLMwEJLhwDsDLzLDgByELAIyJwULMryQLICrnBcJBy
fnmr0_sx49,lwLMBgLcDMBtLNLksSnDLKcLhByD
frew0_si1030,hIyEhyLkwtarLAInLrU
frew0_si1280,lcJiBLMrJKewSwLHrQBCBUMbLUBywLtaBcLHrLMnLAKwD
frew0_si1910,vyBswQLkwDLhIyLtrlcCgDwELAcDwyE
frew0_sx110,lcLhnJLSnmcBrDwJLlcJcQwLAJLMrLHIaLhBLU
frew0_sx20,JKwSBSarCtByUwSBDlFQSrBU
frew0_sx200,IecQLADLkIFlcNcLScLzDlcLhByLirLMJ
frew0_sx290,lwJLBKrULcLMwLzTrBywDLHaICwLkwtrLHwULhnLhyDLhgr
frew0_sx380,SgLMaILzCwDytrUlwLiLuaLhwLiU
fsem0_si1198,HLBwUcgwDULhgeawDLl
fsem0_si1828,bgKJBsQsJnDvyLkwLkJBsyLhBnLJcKOBywDtnQBnDBtwLua
fsem0_si568,bBgwUwLABnUBJLMbawDlcLABcKJLcDcCcgcDSaBcQlcr
fsem0_sx118,AcCLhgDBclsELuInmwDLMJwvcBaIwDLMLhaB
fsem0_sx208,IaLJbLhglwLHcDwDLJLMnLJLlwJLMIsLuyJ
fsem0_sx28,lsLhnLuaILktcScDLkecQLkecJ
fsem0_sx298,gLunDaLhglycUKBsJwDLhyFQrLiaILkMJLM
fsem0_sx388,vrIgkvbDBsLMJLSwDnQrwlwLhrCnLMwLHInKrLisDzwU
majc0_si1946,lcInJBcDLHIaLhBcCScULhgDFCywDJtaBQLM
majc0_si2095,CgLhbnLkwmwLCDvywBwQLMPLuIsLz
majc0_si835,JsBUcDKwLHlwJLMwBDnJwJnryLlcmwLJwLkwtrDLhIsbDLkwJsFBUwLKw
majc0_sx115,lynCBcCkwLHBwLJyLAIaLHcBnJULaBcLuB
majc0_sx205,lwBLMnIyLHrJcDebBarLAJLHnLMBwLMPFLhsLucQCwDcaImrU
majc0_sx25,aBanrUBcQCFBywDnrJU
majc0_sx295,wtLAnBLAcCJLMcCaBLvbQrsDKtrCymwDwLMP
majc0_sx385,vwKBLkrtnBLMcLnUwtwLSrLhrFLArwDB
mbdg0_si1463,SwLAbDeSnQrCbLAJcCgwJwLJwLAJLHnLlwLuegTP
mbdg0_si2093,vylnDcatrwUneDnJLMwClclcSnlrLSwLMSwJgLAcDwDQlwUynJLMw
mbdg0_si833,BnJLHrJKcDBJnBULCwDzKn
mbdg0_sx113,cCcJLMwmrnBLhwCwDwULuOLktwLhbLAc
mbdg0_sx203,lwLAcUSywDLkwmwLhIcLHBywLlwKar
mbdg0_sx23,lwUCTPUwKwDUvarCcDagULCaIQBcJLBy
mbdg0_sx293,HByJLMsLAlwJLMrmyLMsLhBLABLlwLAByDTrztrCsy
mbdg0_sx383,lwLAaIcLHwLAByDrKnCLHPLuaILaIywDaIa
mbns0_si1220,lsaBJFBScDLCcDyLHnJLMyKwDUwLATrLzy
mbns0_si1850,lcLuOLCaIFLMyTPCgLhGs
mbns0_si590,hrLzwJLMnDBUcDtnIswUaclcCFJLAaCcDCnNLlwLlwQrQrLAIacJwELU
mbns0_sx140,nLurLAnBLMIFLHIcDcLAJarcDyQwDByLkwJLMPLhwLMw
mbns0_sx230,cBebBySswvwrLhcLInbKDBSgwUcaBnrU
mbns0_sx320,lwDwrJwDwLuaLCsDaLhySwNwDCScLAwDLkwJLMDLU
mbns0_sx410,uInLhgUtInKLDwBLAyLiLSyLlsCawE
mbns0_sx50,AnmwJLMIatsLAyLAwDeCwLAcLhbLAJLDlwLuBnLlcLHcSr
mbwm0_si1304,wSwUwLAJLhFPULMPcvaLhcBcJchyLunKLin
mbwm0_si1934,SsmcBSaB
mbwm0_si674,lwJwJcDBwJLHnLHsmrLAnLHwLAJLHwIywDLMJLlnQwScDwJLMcLhywLHcLMwJcLHwDLg
mbwm0_sx134,kwJnCLhrwDLzbnDwSrDgJLCcDJLcJLHnDwDCgbCyE
mbwm0_sx224,HvcLuwcTrwDLkrwDLMJ
mbwm0_sx314,HyLHBcScCaILznDrwJKlrLhywDBwDsLktrSnBtnr
mbwm0_sx404,haILhrDLHsLHrwDByPLJwDwLhwDLhaDtar
mbwm0_sx44,hbJLAwLHBLAwDLhwDQwrLAsDwEJLHaIc
mcsh0_si1549,TBKOmcQBLCyLkwPcwLMcDLl
mcsh0_si2179,CgCclrDnQrSaLMJLCsEyLN
mcsh0_si919,gQywJKBylwLhIgsBLHnrvbUCwDynLznJKLBcLzLMwCsLcLMPlnrDPJwLzPSsKwD
mcsh0_sx109,KyJKBnLwDJLhIyDvrIsELAFaDlwKJKLMyLHJBFLHlc
mcsh0_sx19,cBcDcCJiFQrSnrLAnDatwDLhytBnCUy
mcsh0_sx199,TcEcDinBrDKwmcCGsmyLAJLhFKrLMPLAwDLMsLzwJLwUyUwUz
mcsh0_sx289,SnclrLHIPtJtLucBgKPUrQrsTPJKtBScDJybemBLN
mcsh0_sx379,lsbCLuTwULuIgQwESnJDUcDNrULkyJk
mdlf0_si1583,trScDUInmwLABSwUcCScUrInLAwDLksKwD
mdlf0_si2213,JcCLhcmySwNQDBQgJwU
mdlf0_si953,vwJLMaIswDUwQnLMPrIyUwDUtrLHrJwJLMywDJFaEwDlnDBnJLMwLusKwDCLU
mdlf0_sx143,lwJeDcQLzwDrtIwULhTPLBJLunIrLlycDLMcSaB
mdlf0_sx233,veSswDtIyPsCyDlwJsDUNnE
mdlf0_sx323,lctaLHrQInDwLhnCtrCnIgQyDanDLMaearC
mdlf0_sx413,lbtyJSymyKLDymFLHGDJLuaItJCbLiLMrJLAr
mdlf0_sx53,yQwJcCLHBQBLAbnIwBnIyLAwDLMsDJcLJcCLhBU
mdls0_si1628,lwULCgvnDBnLzrvywDtacCLunQwDcQUaILkSs
mdls0_si2258,TPnDnQvrsBySwTwBPB
mdls0_si998,TnLNsNIgQNcBnD
mdls0_sx188,vcSalrIgJycBwmwLAJLHnDJwLAeLc
mdls0_sx278,kwtclrmsULMnJLMyLzyLAscByIyLkJNcBJLMIyLzcmB
mdls0_sx368,SawJLAaJLMPwQDymwLhBgLuBcBQJLMLhyLACLHByBynBwLuwDLM
mdls0_sx8,SgTnBSrsBQrJwBygmcCJ
mdls0_sx98,unJLlwLASnJLiwDtcDybDLJr
mdvc0_si2174,acrwKbmeLHLlrLvyJnLk
mdvc0_si2196,vcLHrtInKwDlcLhIaCywULAwLkwDwDLAcCwUCcagDScUwDLMwLhyJLDyULMnLkA
mdvc0_si936,cBSgDyDaBlcLMyJULCsLMsLAyBwraCar
mdvc0_sx126,aImwtwKBwDLMnBcLzwDMJwUtrIywB
mdvc0_sx216,lcJLCaBLhBgLHcLlcScCaDlcvFOLAs
mdvc0_sx306,cLiBFUcDtTPSBLhyLAaDLznDrBU
mdvc0_sx36,FBylcCFJLMwLAcLHBwKcUaImnJULlcLMsDLHaLHwBnmy
mdvc0_sx396,lwtwKLhyLunDLMcByLHtIbDwLABycDlcJrtcJcQlwJLCaBsLAy
mers0_si1019,lnCwDkPLMPlwLAnDLMIyLSrtrLMPwULHFLIwDBU
mers0_si1649,wLJwtrCeamyLTwDceB
mers0_si497,lwJLHBgwmwUaSgeDLJLlcLHcLlwJLMcBgLlwLiwBLkrwDLwbDraILknLArLkcQbLAJwrcg
mers0_sx119,lcCwJLAIFLSwUKwLMIbLMwLkLSwNcDcLHBcLzy
mers0_sx209,CgLABLAcBLlcLhnLkrcCaBLScNLAIweDLU
mers0_sx29,vcLuInsLlwLHwLAwLHnLAcLcLHsmcU
mers0_sx299,KisQyELAIyCwUwLHaLHwBrgmcCcDvbBSyD
mers0_sx389,lseDwLhwLkveJULNLTwDlrIwCFLaLAwLMIyJgLk
mgjf0_si1901,aLeLcSrCLhIyULHBsmwLAIcJLMwLCPwLBgLASsrQU
mgjf0_si641,ABnQrBgLMJaCUSruFQrByLAawMIbLzwLAJaEJLAcBwmBLMPCnBLzrCbmwLA
mgjf0_si776,kwDcLikIgTacDLMPLMbsKM
mgjf0_sx101,NLAwDrLrDLiFLzrDLknLArIsLMrLABbJKrCUtrIaBvaBmsJU
mgjf0_sx11,vySaBberInrBg
mgjf0_sx191,SwNJLMIaBaBtFDynLAPUsKDUwSnDJU
mgjf0_sx281,AaIywDLMInKLHBsLMbLASwNLhyLiLHaBJtreaIrU
mgjf0_sx371,InDeCnDcLhymwLhnJLMbCtrLhwUDwULhrLzrULN
mglb0_si1534,wUwLhwLunUcCgJBcQcDBnDBnJlwLkvnrLuIFwUcCgtsJU
mglb0_si2164,lwLABnQTwJnBNb
mglb0_si904,vyLHwrmwvwDLuIbnLkwUrInIcLMIbLAJLAwCwLkwQTPFcLunDLhcB
mglb0_sx184,lwLAbLJLCybaeBSwJvrwLJLhgyTrU
mglb0_sx274,uBwtScJPNLhclcBOLzTwULcJcBLz
mglb0_sx364,ByLiwDLMgCBywDLAcCBJLAcDJgmwLSwNcLhIsLkeDcmwElJwJLMcCLHaIcLM
mglb0_sx4,zsDCswrDCaILhcDyLhcScLAwDveaILk
mglb0_sx94,TcCJLMwUBQLunCwDLAnbDkyULMIyLMJU
mgwt0_si1539,tLtKtwJLJLHcCBLuvwCbUyJLMbLurLktarLk
mgwt0_si2169,cLiJLMnrUzLhwUwNtyLiKFearswDgLuIsDkIBLHJULHbmrLkrIeDkvrIPcC
mgwt0_si909,ucDLHFBJryIyLMgnrCnDkwLJwLAJLMytagQcBwCUcDervrIgUwD
mgwt0_sx189,kwJLMIGsnQIytJtgeIywBsmwLMcCgamwLMJU
mgwt0_sx279,nBcJwUcLhwBLMByLMPSrLSwNeLJcLHrQNwKwDLNLtLNLwUcDBLSrly
mgwt0_sx369,haLHsLHrBLtwlcBwQwEwCTrBJU
mgwt0_sx9,NLBvSnrSryBSgeSySrIcSs
mgwt0_sx99,CymyQcJwJgnmySwULhsJLMaDvgnLAyJULe
mjar0_si1988,veUwJLMIsLAPSBtaBrtnrC
mjar0_si2247,SyLAwJwDBymTrKwQ
mjar0_si728,HFLzNybLHBUwDwJrcLHtrLMtaBCnDwLJULMIsDeCwDLAcSB
mjar0_sx188,kvSaNrIgwUywCcCwkwLknLJLHnDJwLAFD
mjar0_sx278,MPtrlnIwJLHIwJLMyLzLvywLAsKByIyLJcSaFJLMIyLzTrDB
mjar0_sx368,aIyULAgJLMwDykwLhBnLABcFULMwLhyLAcCLHByBynBwLunD
mjar0_sx8,SgTnBrSryFQrJwBygsmnCU
mjar0_sx98,unJwLASnKwDtMIcCybDJrB
mjfc0_si1033,lwtLkaILAsClsSwBPKgr
mjfc0_si1663,vyNnBLMvyJacLHnBtscSwDLkF
mjfc0_si2293,lFcUSrJLhnKBylcScDUnLkFaBclrLuIwDcJLBbtLMbBemwJLM
mjfc0_sx133,HyLMPrIywUrLAwDQyDyDtrLASrLAScDLz
mjfc0_sx223,HSwLkcLhcLirLhBLMsLhBwDwLurIaILz
mjfc0_sx313,kIcLtgtaICcLhaLiLhctaIyLuSceLaLc
mjfc0_sx403,vrSrLurIPLADJwJcQBFDByKLMrLiwDLhBJwU
mjfc0_sx43,nByLHyLHBrBtwDwLJLABPLkw
mjsw0_si1010,lwJnBLAnBQnLiKPagnQIywJlcvaILkbDnJLHrCwQlyswLuJgsJLMcLJyLky
mjsw0_si1640,vekwLScDLzawDlnDC
mjsw0_si2270,kacLuJLkwLkJcCLkwELMcScDUyLunB
mjsw0_sx110,lcLhnJLSnBnrwJLkwJaBQNnLAJLMrLHIeLhBcCUJ
mjsw0_sx20,KySaBSaICNUByJySBcDcBQvraBU
mjsw0_sx200,IebBtLAwDLMBcJLkaLhSaLMrDlcLhByLirU
mjsw0_sx290,lwJLHrnKrwJLtwLMwLAcBywDtaICwLMwtrLHrJLHnLkwQLhgr
mjsw0_sx380,SgLinLzPCcDytrJcnLubBLhwLzKLMrLnLcLg
mmdb1_si1625,vwCsLAJLhyFcELAFLtrLhB
mmdb1_si2255,vyJcDreaLkvgJLMSaILkcLhnLkrwBDJcCQwtLAyLtymBSsy
mmdb1_si995,nLkwtrDLMbBnDMJyJrFrLwULAByLABcQcDLASnBymrLnDwUaIFLAwJLMcl
mmdb1_sx185,lwLzPLhgsnDyLAaImrBsFQraBU
mmdb1_sx275,JLMyQaSrcFLhIsInLkLAnIrJLSnmrLrLc
mmdb1_sx365,lwLAcCwLAnFLkwUtwLMcDLAarmnDLkucDLHBwLkrNIyerJU
mmdb1_sx5,KywJLlwDrlwDBywCN
mmdb1_sx95,yLuBcDwUwDnBwLBymrUnLMIcLHyLAcIcLMcBU
mmdm2_si1452,HBLMIyLIyUFBLJcQyIymyKDLMFnJLvcNLHBLMIyvwLhwDLASsLJwLAJnJLtB
mmdm2_si1555,cJByLByQGyJcLnDJrLk
mmdm2_si2082,NrLhBwECwBLAsLTPr
mmdm2_sx102,JLHwKBLMbJLAtaIJiwULInJLATPvacJcLzwUICLAwDnLHrU
mmdm2_sx12,SaIcLwDSrBy
mmdm2_sx192,JLMIavbLJrctnKwDlwJMTr
mmdm2_sx282,lwLMPNtnIytrLucLMcLAcCSwInLzrULMPNtnBFe
mmdm2_sx372,lnLkbLuInCsLAJnDJULBycLMrCcLiJLMnmy
mmjr0_si1648,FwUwtNnrByCaIDCFLMvbBLSwNJLASnwLhwmcQcBnLMLABLkcJLHBgsDtMIcDLMU
mmjr0_si2166,BOLALlJIyUaILMLJcCtPBSaFcU
mmjr0_si2278,uTPLMsLAJwDltcLAeDyULMPLhnrDLhU
mmjr0_sx118,lcQaDaBlwELurymwDJULwDBLzcLhB
mmjr0_sx208,IaLhJncLHglcLHaDLkLwDULMnLizLlwKzLMIswLuyJ
mmjr0_sx28,hsElbLuaILktrSwLunBaDcQLAbJ
mmjr0_sx298,cLkIbclwDaLHaByKPULlwDLuTFQrLiarLzLM
mmjr0_sx388,vrwvbnDsLAJLSDnQrcLhnrCnLMvrLALHInKirLiwLzwU
mmwh0_si1089,HrvbLHJNwEULSnIyQwDSrJKLlnbD
mmwh0_si1301,kyDJLAwDtaICwDwCLHSrmDLhIswLzLHwLMSyElwLHrwUlwDLwDctbLAcLMy
mmwh0_si459,vytrlrLHrLHIFULuIbDLMJclcDcDULHnJctgLMJnBCktrLAJLHrCcLHBvnaJLhcmBJU
mmwh0_sx189,kwKLMrBsnQIytBeIBsmPLMPCgamwLMJ
mmwh0_sx279,MLbBJwUwLhwBcLMyLMcSrLASclneJPLHrQwKcDwULDFLSwNy
mmwh0_sx369,acLHsLHrLuFtcLhBwQwErIPCTarFBU
mmwh0_sx9,SrnIyTPSBSySrScBy
mmwh0_sx99,CwLkyQBJcJgmySwULhsJLkacEvgrarLMDyJ
mpdf0_si1542,lwtyLkSrarCyKPrULuwDecQTwJLMwJPLHnr
mpdf0_si2172,JLkInELNJLhyLubDLMwUnLHcLHwDLkeDvwULinJLJM
mpdf0_si912,TPCsbCsUKrJnBtwDwLASgnrIwBCbLAtaIc
mpdf0_sx102,JLHnKBLMbJLAtaIJwULInJLATPvaJLMwLzOwUtrCLAwDbLHrU
mpdf0_sx12,SwBIaLhwDSnsTnBy
mpdf0_sx192,JLMIcvbLJramwtbKDvnJiTwr
mpdf0_sx282,lwLMPNtnIstrLubLMwLAcCScDIaLzrULMPNtBe
mpdf0_sx372,lnLkbLuInCsLAJnDJFCsntLMrCcLiJLMnmy
mrcs0_si1223,lrInLAFLzInDBgLuInLhwLJ
mrcs0_si1853,lcJULwQnDJwLArLkwDQwLMwDULisDUwDwLHwDJULwLDPSwDUcIagLM
mrcs0_si593,lwLubBcDkvbtLJwmyTPwULkagbEDcDwUtyLk
mrcs0_sx143,lwJwDeDLkwLzwDwtrULhTPLBULuwrLlynQBFLH
mrcs0_sx233,vgSsynDktIySsLCywJsCtNnBwEk
mrcs0_sx323,lctaLHIPQnmwLlnCtrCSrIglwDaDLMaDcC
mrcs0_sx413,kbtLDyJSymyULDymBLHSwLJLAartLCbLiLMrwJLArLM
mrcs0_sx53,yQwDwJcLHBQBLAbLuBnIyLADLMyDJwCLhBU
mreb0_si1375,atwDLkeDwLJLMInJwCLHBywDcLAsLMwJnDrIwEwDcQwLMnDKwDaIywCFKwD
mreb0_si2005,vyvnBntLMrwDwQgBwLlsLAyEtrCnynmySwLznDLHFQrwDLMarC
mreb0_si745,HIsBFSaILMFwLJLMwUzPKFB
mreb0_sx115,lynCcCLkwLHsLAJNywLAIaLHScJUaBcQSF
mreb0_sx205,DFcLMrwLHrJnbaIwLAJLHnLMwLMPFLhsLunQCwDarU
mreb0_sx25,BnIwULBQCsBywDwnrU
mreb0_sx295,wLAnIFLAcDJLMCaIFLvnQrIsDktrCymwEwLMPr
mreb0_sx385,vwKFBLkrtQnBLHnUwtwSaILhIFLAwD
mrjm4_si1489,cLBaJLAPBDLcJsC
mrjm4_si2119,lywDULMwELMwLkwJcLcDnULhwCFaBJLM
mrjm4_si859,sDecCLAwLkirLhyLMrLHBbwDTPUyScDHsetcSrLAIwDLMFwDLMnrU
mrjm4_sx139,lcLhcDBScJLHFUByJwLiPswDBrlwKirSr
mrjm4_sx229,IywBLAcDtaSrLBcDwLk
mrjm4_sx319,wLhwLuFLHgByvbCLhBLNIPlwtIaICkvr
mrjm4_sx409,TymyDULHwDPzLDBLhyDAIyJDwJLMIwLCrIbLATrcJrwy
mrjm4_sx49,bnLMIaBgkcDlcLMBNLksSwBvbDLKwLhBy
mrjr0_si1182,hcmwJLkwtInDLKysLkwtATPclyUgLkywU
mrjr0_si1812,wLMrwLkywUDFLMgDLUtarIwLArCwDysKwDU
mrjr0_si2313,SnBLzwDTrLlwLuwByLFDBySaDcLwDCwULMrvnDryLkwLDvyQwDLkPlbBcLSnB
mrjr0_sx102,JLhcKBLMnJLAtaIJwUInJLAPvcJwLzwUtrCLAwDeLHrU
mrjr0_sx12,SwBIaLhwDSnrnBwBy
mrjr0_sx192,JLMIavbLkJiaIremwtbKwDlwJBr
mrjr0_sx282,lwLMPNtnIytrLuaLMwLAaCSwDIaLzrULMPNnBeBLH
mrjr0_sx372,lcLkgLuIbCsLAJnDUBybtLMrCcLiJLkcmy
mroa0_si1307,lwUwUDFcDwULMcQLCsKLCBwDLMLHvw
mroa0_si1970,lwLABwLkwDctFLSwDwELzDLMwLkwLkFaDwUwLACcScDBULBrIeDLD
mroa0_si677,ACLuvrSBLAMIPwDULAcLhyDFmwQwBULSr
mroa0_sx137,MrLkwKDLAarULHIwCFLHIPBtcIcDLurwLzLBwrLz
mroa0_sx227,wLJvwBNrLkcLAcLAcNncLKIPLur
mroa0_sx317,lwLAInCLhryLhFaFBLuwDJLryLHIwLkBwDcQD
mroa0_sx407,BtNLlbCLAJULwDJwEwtaLMKDULCcBULHaDTPC
mroa0_sx47,CcCJLAIaESyLkwUBgLJLnLHcLMFDzrU
mrtk0_si1093,ScmnBCcJnILhyvsQwraILkyJgJyQU
mrtk0_si1723,vwDPSgLhynLkIwQLMwLhswDtIcDFSr
mrtk0_si1750,AwlywCbJrwCJnBtclcCsbDcDlwJaglwDLHIgCwJLMrtsLr
mrtk0_sx103,ABcDnbCLhwcDUtrCnmwLAFJwJLMcDUJ
mrtk0_sx13,JSwEBrarCwUvgnKPLAsbD
mrtk0_sx193,ISaLhgaBSwDTaBUzTPUCacgwD
mrtk0_sx283,HgnDLHvnrDvnmawDwUsKDJLtrCFDLhrNLAwDLMIB
mrtk0_sx373,wLharwDBcQBwUsJwLHrLJByLHwELHvcB
mrws1_si1130,KiwlwLAJvnBswELuInNwQLMnDBcLzTPlnDSaDcJn
mrws1_si1496,btLMrlbLlhgFDJLtcUwDLAJFLMcDkByUy
mrws1_si500,lnvrCaIraLNywJLDtcCnDynLAJcDwDyLHIaQwmcgJwryU
mrws1_sx140,cLurLAFLMIFLHBnLAJrwDyQwDByLkwULMrLhyLkwLk
mrws1_sx230,lcBeBySsvwrLInInKLcBgUnaBnrU
mrws1_sx320,lwDwrJwDwLuegLCwDBLhySwNwDSaLAwDLkwJLMwLcJU
mrws1_sx410,uInLhgUtInKLCFLAyLMiLSyLksCaImrC
mrws1_sx50,AbBnJLMIbtrLAyLAwDBCrLAcLhbLAJLCwLuBcLlcLHar
mtaa0_si1285,NnBsIbJLDByELHIcLhBwSBLhywDnJcJrnIyws
mtaa0_si1915,wScUlnrlwLKyScLkvebtLMPwDBbLMrIyDcDJysKcDLnLutrLuwQDcJ
mtaa0_si596,aDlyUlsKtwBsLAwDBagr
mtaa0_sx115,lwBcDLMwLHvwLAJBOLAaLHBcJUaBcLuBF
mtaa0_sx205,DFcLMryLHrJcDBLAJLHcLMwLMPLhsLucQrBwLhBSwmrUJ
mtaa0_sx25,ScByByrUBFQCuBywDnrU
mtaa0_sx295,lwULAIFLAcCJcCaIFBLvbQrIsDztrCymyDwLMP
mtaa0_sx385,vwKiaItnBLnBwUctrwLSrLhIFLAwD
mtdt0_si1994,JPBtaByULhywrUScULlwLuwCywCLhnLDCswDTPLzwJLhnDBSamcCcDy
mtdt0_si2254,ASgByvymwLMrcDkwtBr
mtdt0_si994,vrJLMcmywQvwJLMrIySFULHrJwJLMcQByLHrJPLk
mtdt0_sx184,lwLAbLJLCyeawUvrLiLCgyTwrU
mtdt0_sx274,ABwtScFJPlcLhgmcBcQKBrywJcCcJegLz
mtdt0_sx364,yLzcDLMgCBywDLAnCcaJLABcJgmwLSwNcLhrLhemcQwvymwEJwJLMcCLHaIcLe
mtdt0_sx4,zsDCsrDCaICcmyLhgSrLAywEvaLk
mtdt0_sx94,TcCJLMrUBcQLABcDLAsbDkywULMIyLJU
mteb0_si1133,yLAwDLHrLzbnLABaEIsDzLuBFBUtrwLJnBt
mteb0_si2064,vySwULuwtLMwLSwNbDvFCbEwLMwUcDLnDcLHFmDBrtrScDnBnDyIsJU
mteb0_si503,lnIryaJLkwrTnIsJy
mteb0_sx143,lwJbeDLkwLznDwtrULkTPLBJLuwrLhybDcBFLH
mteb0_sx233,veSsywDtySsCyDwJsCNnswE
mteb0_sx323,lwtaLHrQnDwDLkbDtrCrIgwEaDLMeaD
mteb0_sx413,kbtKcDyJSyLkwKLDymBLHBsLJLAaItLCbLzLMrJLAr
mteb0_sx53,lyQwDwJcCLHBLAbQyBnryLAwDksDJwCLhBU
mthc0_si1015,vsywDLHgKTraIlyclrLiyJaIJcUcQBLJLMaLAtyLk
mthc0_si1645,JcLMKeveaLMCwUcCScULACLHByBycDLzcJLMctgLk
mthc0_si2275,wmBLkwLuOLAlnIrytwKDLknDKwLAKsLU
mthc0_sx115,lywCLhBcDLkyLHnLAJLlNywLAIaLHBcUaBOLuB
mthc0_sx205,DwBcLMrIyLHrJcDnBvaIwLAJLHnLMwLMPFBLhsLucQrCwDLcaImrU
mthc0_sx25,FByBrUBFQCwBywDnrU
mthc0_sx295,wtLArFLAcDJLMaIBLvntrIsDztrCymwEnLMPB
mthc0_sx385,vwKBLkrtnBLMnUwtwSrLhIFLAwDc
mwjg0_si1124,BLhyLAFDBwCyLHwDartBywLtrvwUwDeBcJwJwUcCLHSIDLMCgwLlw
mwjg0_si1754,vyJnLlwLAIyUwtBLvbtcBcD
mwjg0_si494,sLAJBywByULMScDvcLHerBaELur
mwjg0_sx134,kwJnCLhIwDLzgnDTPSrLucDgJLCcDJLMwJLHwDLkwCgswQw
mwjg0_sx224,vFLuBwUTPwDLkPrDJU
mwjg0_sx314,wLHyLHcScQSwLznDrnDJULlrSOLhyDkFwDyLMtcSnBtnr
mwjg0_sx404,haILhcLHrDLkLHvyLHIwDByTPLkJwDlwLHwLhcDHgr
mwjg0_sx44,hbJLMcLHBLAwDLhywDwLMvsDwEDLJLHSr
fdhc0_si1559,lwKPwBsLhyUwLHIaLAJwCsmwLSnmySwJLMyByESwNnDwCJnBt
fdhc0_si2189,yJaclcCaSyULMwLunlwlFUywrwJU
fdhc0_si929,hwLJnLiLAsJwUSrwDlcLHecJLMnDTPKPB
fdhc0_sx119,lwCwJLABSwUIyLMIbLMwLSwNwDcLHBLzyD
fdhc0_sx209,CgLAFLAcBnLwLhnLzrCaBwNLMIseacDJU
fdhc0_sx29,vnBLHLuIsbLMwLHwLAwLHlnLAwQLHwLMsmcCJ
fdhc0_sx299,KsDyELMIsCwUwLHcLHBgmwCcDvaBcSsD
fdhc0_sx389,hscmwLhwEyvneJwDlrCFcLAcDLMIyJgLk
felc0_si1386,wDSsLzKLDwLuFKysKwDJlywDLkwJLMIyLhaLBwDUwUwTPwDcSwJwDLuBwDTwD
felc0_si2016,vyQBDFULIFLHJLlcLhFLJLAcCcDJLMFLAr
felc0_si756,CwLMwIywBJLJrInCwLCacBwELABnsDyLInLkSgsaLhrt
felc0_sx126,aImwNtwKBcDLMnBcLzwDJwJtrIywB
felc0_sx216,lcJLCaBLhBLHcLHlcSrCcDvcLAr
felc0_sx306,cLiFUDtMTPSBLhyLAcDLznDcBU
felc0_sx36,cBwlcCFJLMwLABcJUaIcJcLMswDHBcBnIwmy
felc0_sx396,lwtwKLhwLunDLMPSyLHInDLMwLABywDcJrQtcJcQlcJLCFBSwLAk
fjlm0_si1043,DacJcLHIbUwIyLcLlwJwLHIFLzJLkwDeSgrLA
fjlm0_si1673,SnDLlsEAvyNlnaLDcLhcmyDFUcLhemwTBn
fjlm0_si2303,wDKarLnDLMwLhanwDBaILhrIFBtIsULJBgnKJLMywCLhr
fjlm0_sx143,lwJbeDLkwQLzwQtrULHyLuBJLunrlnbDlcBLc
fjlm0_sx233,veSsywDtIySsCyDLcJcsDLlwswE
fjlm0_sx323,lctaFLHIcQwDwLlywCtrCrIecQwEaDLMrC
fjlm0_sx413,eLlnNhyJLSymwKLDymcLHBSwLMJLuartLCbLJLMrJLurnr
fjlm0_sx53,sylwDwJwDLHBQBLAnLhTwBnIsLAwDLMsDUJwDLhBU
fmgd0_si1564,NvbULhwDuIyScULhbeDwLhgJLDsLuInBtbDUwUbDlnrSrLuIsUwDLAbB
fmgd0_si2194,vyBnLtaBswDLMPSwJatLzaLkLnDemwLzaLhSwULuacDwDySwJLMInDLkw
fmgd0_si934,cNarmyJsLlnmFBNJLMwUarsLHgnDLMaILkwLcLs
fmgd0_sx124,BaLzwLAJLCswQLATPmraLhTPmwtB
fmgd0_sx214,lwCaDwEDLkyBcDlwJLhgmsrSnLuBwJwDlnDlDJcD
fmgd0_sx304,iyLzJLMebLAwDNIcClctrJLMnDlrSaIwD
fmgd0_sx34,nBeDLkPLinBsULMrmyLkwKwJ
fmgd0_sx394,AeJywCsLALhFDUyLMyLMJLMIaC
fmld0_si2185,KyJwLiaILAJnrQDFLhaFwDUwDKMInDLMJLSnDLhnLASr
fmld0_si822,cLHrnLAKwDCsLhywELAIyJLhnmynLMnDQnLMwLHILHIyUcLlcJLMIcrLkr
fmld0_si925,cQySwUwDLAnJLkwkywULSgQLMcLhaIcJLMw
fmld0_sx115,lywDBDwLHwLAJlywLAIaLHBcJUaBLuSF
fmld0_sx205,lcBwLMwrLHrJcDBrLAJLhnLMwLMPSBLhsLucLhrwDamrU
fmld0_sx25,SFDBnrUBcQDywDwrU
fmld0_sx295,wQLABwrFLAcDULMcCaFvnQrIsDLztrCymywLMPC
fmld0_sx385,vwJKBLkrtnBcUwtwLSrLhIFLc
fnlp0_si1308,wDLksmywmwULHeJcLhcLMwJcLHNcInyBgLMcDLHvnrCwECnDstcDwLAByctnLJU
fnlp0_si1938,lBgmwDLSwDLkFbULuBnLzwBLHgsLlPlwLknBCLHBr
fnlp0_si678,JNnBQgJwDIyLAwDJnrLk
fnlp0_sx138,eLlwLABcDUyLAnJwCrJLhwBNJcCyJLhwDJwQLHrtTPwD
fnlp0_sx228,lcLzywLHSgELhcBQrBnLQLlynbDUKwD
fnlp0_sx318,HBsJLMswLCcCLlwLMsmnUcLhBtatIaeDQULJM
fnlp0_sx408,cLkBcLlwJcLhBsLHnDBvncQwDnQLiswDLzU
fnlp0_sx48,uIbCclneLuwvBLhIwEwDwDvnmwLAvbrwLkU
fpas0_si1272,lSnQrLMrsnJLMcQtnUwLAJU
fpas0_si2204,HIrmyJPwaICwLAnQBaIDLAnIwtBlnCLhIBFcUcSaLAwDJLJwLA
fpas0_si944,wlcNtaIwUInDLMwLlrInCcJLhyLHnBsLk
fpas0_sx134,kwUcCLhrDLznDBnrDgULCcDJLJwULHnDwCgswCy
fpas0_sx224,vcLuwmwUTrwDLkrwDJ
fpas0_sx314,wQLHPLHaSrCaILzcDrUlrLhwDFcDyLktrSnBtnrC
fpas0_sx404,haLhrDLHsLHIrByUwDwLhwLhaBtar
fpas0_sx44,hBULAwLhBLAwDLhwDnDLzwLMsDwULharLc
fpkt0_si1538,wLAnIrLzLAcDzLhgsLJLMwCgDLMJLNBLMIwELNPlwLuBFD
fpkt0_si2168,lsCnLunULADtaICcJBcLn
fpkt0_si908,SyFSwUlcSySwLkgnQcNcrLhPLJaeD
fpkt0_sx188,vcBSaNcIgUNywDBCwmwmwLAJLHnUwLAeD
fpkt0_sx278,MwtInlrvwULHIwJLMyLiMwLAsKsIyUlcScBJLMIyLzrDB
fpkt0_sx368,DBaIyULAaeaJLMwDymwLhBgbLuBUwLhyLAcDLHBysByBwLun
fpkt0_sx8,SgTPnBSnIyFQrJwBygLkwDJ
fpkt0_sx98,unJLlwLASnKwDtcDybDMJr
mbpm0_si1577,hIeDgUgLhIbBCcJLMbKz
mbpm0_si1584,InLMrUatwLATrywJUhatwDLMcFLMwLknJLASnJLiDULhcmyDnQrLkwn
mbpm0_si947,NLNtTPIPrBnIwUrLHrLMnLNwLhFnUFDwED
mbpm0_sx137,MrLkwKwDrLASarULHInBQBcLHIPQBNtIcDLkrsLzCnrLz
mbpm0_sx227,wLMnBNrLkwLAcLASwNcLKirQr
mbpm0_sx317,lwLAInDLhrsLhaLkwLMJLlrsLHrmywDamcC
mbpm0_sx407,BbtLMnDLJDJswEwtaILiDCJBUcLHBcDTP
mbpm0_sx47,CaDJLMcBwLkwJBgLAUnLHwLMgUrUJ
mcmj0_si1094,CnLAwDTwULHwLHrIyQTPrUgLMwLAIawULMsULDyBnJLMwLA
mcmj0_si464,lwLHIbJLHnLMwQLAcmwELhbLAJLHnDwUDnDLMcUwDawDtInDwLunQrDr
mcmj0_si602,wLlwKwLJrQnIyJcDneBwLkFLuncJrCsJnrUnDwCar
mcmj0_sx104,vwJLMneaLkawCtcCcLhnLr
mcmj0_sx14,DwtaILnrUlnrUwLuUnCIyQTPyrnQIytaICwr
mcmj0_sx194,CswDzasLSarDgnILkcKwD
mcmj0_sx284,zntlraImyTPaIcTPmwDtnQrnQrJwDLMrBTrLzLHrLzcDJ
mcmj0_sx374,zaIwLAIsDULKabtrcKtrBnQrD
mdab0_si1039,vyvnUDnQrvwDJnBLksvstFSwLMKLMLhyvsmwLkLScLiwQcJvbcJU
mdab0_si1669,hwsLAJgmnLkwDLkFDcLkctgrwJnBt
mdab0_si2299,JcDLMcJyLAacJgmScNLBtaBULhywvFD
mdab0_sx139,lcLhcELucBcJLHBUBsJwLiSwLhwKar
mdab0_sx229,cBycLAyQaFDLHaBcLM
mdab0_sx319,sLhwLuFOgLgBysLhBLMPwNtaIyaILk
mdab0_sx409,ymyEJLHwmnLzLDsByLAIyJwJLMIwNInLiFJBy
mdab0_sx49,bnLMBgLMcCcJLtFatNlsSBvcKcLhBy
mgrt0_si1450,CyLMJULlwsysKcDLHIcJnJwDBcQCyLkvbUIyJyPLkyLAJLknDUNyBwDCwnJLMwLusKD
mgrt0_si2080,vyBLDcLBnywLhIytLAsJ
mgrt0_si820,hBnlnebnDLkLScDPtBUncCsLhwsLtaIJcULarULznDBLAvbUwBnLMwLABtarJcU
mgrt0_sx10,cvnTwrLuIsLkvgnrBarlwDnDLJyU
mgrt0_sx100,HIcLznLkwQnBcCwDLHLvScULHwJymyELMPJBy
mgrt0_sx190,JrwQUwLABJBavbtKBLlyTBnB
mgrt0_sx280,lyBsJcJLScUwCracz
mgrt0_sx370,lcDFOULHIaBcCPLuIFBUCSrcDaIsEyLiLksy
mjdh0_si1354,SwNwDcBLzrJFKBJwJLMcCaIlwJLMrLMIBtcLMDFBJcLHJwJLMcCU
mjdh0_si1984,nwDScmagJlsSr
mjdh0_si724,wLiwJLMIyCgEgtBtbJLMcDSnBCsLk
mjdh0_sx184,lwLAbLiLhyeSBJMrLiLByTrU
mjdh0_sx274,lcQtSwJPQLhclcBwLiTrIyJLwJaBaBKz
mjdh0_sx364,yLMnDLMaBwELAcCBaJLAFDLMJgmwSwNcLhIyLkeDctwvymwEuJwJLMDHaILM
mjdh0_sx4,zsCswrDCaICwDLhaISrLAwEvaILk
mjdh0_sx94,TcDJLMPUBcQLAaDwLuAbDkPJcLMIyLiJU
mjln0_si1449,iyNnDLMrJkwDIsBwJLMnBUsKwDIwUagLUwDwCcLMnrJrQrJwJ
mjln0_si2079,lsnDwLJBbLHlsnItaegJ
mjln0_si819,lsnrtaIJwUcCaIBsDPLhwDwDBwLMIwJwLkyLnDBnJNwDwDCbECPNwUcC
mjln0_sx189,lwJLMaBsnQIytaeQrBsmwLMPCgamwLJU
mjln0_sx279,bBJwlwLhwByLMPSrLHSwleLJPLHrQywKwDPLvwUcDFSrUy
mjln0_sx369,haLHsLHrmIFQrlcQlPByEPCwCnrFBU
mjln0_sx9,SnrSrTPSnBSySrSnDyD
mjln0_sx99,CwLkyQBJwJagmySwULhsJLMaeDvegraILAyJ
mjmp0_si1535,vyLMnbQBnJLMwULHyKwLktMvsB
mjmp0_si1791,DFlcCsbDSwUDgLzeDLcLvyScDLkrLveBsLunLMbgskcLSwNwJLMIsDKr
mjmp0_si905,vwUSrLhyLusbBnDLzwJwLiLMsUntLMwtBcw
mjmp0_sx185,cLzPLhgsDyLAamrBswFQrIFBJn
mjmp0_sx275,JLMyUQaSrLhIsLAInLAbcCwrJLSnmr
mjmp0_sx365,lwLunDCwDLMAnLMwUwLMwCLAarmnLAnDLHByLutwNIycerU
mjmp0_sx5,KywJLMnDrlnDBsbwC
mjmp0_sx95,vyLuSaDwUwDebBwLuwmrKrLMIcLHcLAcInLMenBU
mklt0_si1213,CgFDwLAJLHwLJwULtaBcLJwDLHBaDU
mklt0_si1843,KiPwcInmwtaQrLhInmwQnLirUwDlyIaQBcQrCFBLHaILhr
mklt0_si583,lwJLSyLAwDJwLHcNlnmwLHBywDwJLMswQ
mklt0_sx133,HyLJNrIyTrUwLADLhyDBytrLASwLuBFrDLz
mklt0_sx223,HlwLAcLhOLiLhBaLMsLBScDlwLurIceLz
mklt0_sx313,uIatabtaBDCUDlcLhactaSryLuPneLt
mklt0_sx403,vSaILkInBLADJwJLMcQByJLArLJwCLhBUDU
mklt0_sx43,nByLHyLHBScvaBtcDwLAJLASPLkwLk
mlll0_si1363,JcByULHwLAcBsKwDJLCsnJcCnLOLclrUrJcQScmwCLhwBnJDLk
mlll0_si1993,NLKwLKiyBsLAnC
mlll0_si733,tLkPFQagLHcELKIsDrLAsDwDLMwCyLJLMnJlcDlLlLk
mlll0_sx103,AcBanLwDJUtrCnmwLABJwJLMcLU
mlll0_sx13,JSwETwaIwUvgUwLAsbD
mlll0_sx193,NLSgLhabLacBLSwDBKPUCcanDLNLN
mlll0_sx283,NLHBsDLHnrkOnmwaILuwUsKwDJULHBLhrULADLkIFB
mlll0_sx373,cLhaIywDFaBwUwJcLHrLhJwLBwDLHnB
mlnt0_si1574,BgJLSaICLkrIeDlcLhBcLhBnDLMPBUwDScLMvyCaLlwLaSaILhInLM
mlnt0_si1902,lcLHaJwDLuBcJwLurInLM
mlnt0_si642,lnLHaLJLrLMPCJLkcLHIbmrJLcLisnrbDcLHvaCLHIbD
mlnt0_sx102,JLnwJrLMbJtaIcJwULInJLATPvaJLMwLzwJtrCLAwLDbLHrU
mlnt0_sx12,ScFISaILhwDSnrsTnBnBy
mlnt0_sx192,JLMIarvbLJLHremrtbKwDLkwKBr
mlnt0_sx282,lwLMPNrnIytrLubLMwLAvaCScDIaILzrJcLMPNLlnBeLM
mlnt0_sx372,lnLkecLuIerCsLAJnDULHaDSybtLMrCgLiJLkcmy
mnjm0_si1580,wBsJNsCLlcvebCcDswDwLvwDvwJLHaLBwLg
mnjm0_si2210,hFaIyLNrDebLuIcJLScLJtBSaQr
mnjm0_si950,bJcLizLwScULhyaCLHaBcLNnLJcDvbDFDscLMcJcLAsKwDLhgsCnbJNwLz
mnjm0_sx140,bnLrwLAcBLMIFBLHIamnLJaracDsQcBswlwJLKOLhw
mnjm0_sx230,cBeaByPSswvnrLhcIebJcBagwLUaBvnrcU
mnjm0_sx320,lcDlnrwJcDcLuaLhrLCnDaLhPScNnScLAwElcJlcDUN
mnjm0_sx410,uInsLhaIgUtInKzLCnBLHvyLiLSyLlsCaDwE
mnjm0_sx50,AnmcJLMIaItwLAnLAcDaCwLAcLhbLAJLlwLuBbLlcLHBar
mpam0_si1189,sLktByFLucDUSrLAbLzrmwDLHwUwKwDC
mpam0_si1819,vyIcLkwUagJByLHcBySwNLScDvTPLzLHFac
mpam0_si1961,cJnLkwLMIwLiLMwKrLJLByQLwDtFLlcLhIyNLhrcDwUFLhIarC
mpam0_sx109,KcJBwLMwDULhIsDLkrIgwELAScDlwJLlyLzJBFLHLN
mpam0_sx19,cBcDwCJcQcSrLAwDatDLhytBcCUy
mpam0_sx199,TcCLiBrDziwmwQaSrLkPLAJzLhFKrLMcLAwDLMsLzwJLMwUPyUPwU
mpam0_sx289,SnlwLHrQAcBaKwUrQrTPJtBwDJBemB
mpam0_sx379,HnCLuwQULkIcmwEnUcDUcCLNrwJLMsPwU
mtas1_si1473,TFeymwDctLvcDy
mtas1_si2098,vyLuyQwKaIcvaILkBbtwDBLMwvrDFSwEBy
mtas1_si838,vyELAIyJwELMwLhFBcQDTPLHIcmwLkwQnBLClc
mtas1_sx118,cCLhagsDaBlyELuIymyTwDJULwDcBLzLhB
mtas1_sx208,IaLhJbLhglcLHBacLkwLwDJLAnLzlcJLMIsLkyJU
mtas1_sx28,lsQnLuaILktrScDLunBCLcQLunJ
mtas1_sx298,gLuBclwDcLhglyKPUlwDLhyFQrLiaILzLM
mtas1_sx388,vrIsLkvbnDwLsLAJLISnQrlwLhnrCnLMirLHInKrLisDLzwU
mtls0_si1370,SwCsJsmnLvwJLHIcDScULHegQDFcJLMLBLawLlnLvyIytByULMIyLCw
mtls0_si2000,SyLAwDLuTPmwLhwtSwLkysLkOLvyJwLHsKw
mtls0_si740,kPSwNeLtnDLkJyLMsLhBLBcQU
mtls0_sx110,lcLhbnJLASgwLMcCnrDLwJLMwJeaLnLAJLMrLHIaeLHcDLU
mtls0_sx20,KySarSaSrCNByJySBcDFBtraBcJ
mtls0_sx200,IebtLAcDLMIFlwJLMeLHBLMtrDlcLHPLirU
mtls0_sx290,lwULcQKTwrwJLHBwLlwQtBCLMPwtrLHrULHnLMwQLhgr
mtls0_sx380,SgLMiaILzCnDytrJnLiLuaILHwLz
mwbt0_si1553,veBSnQclcBcmrQIyCsLkaLhnDLMwLhgJnQBLkFUcDBcDLMIcUJcLHrnU
mwbt0_si2183,hBLAJFtFnKcDBLAJKJ
mwbt0_si923,MwCnDynLAJLhrLilwJLMInDScUwDnQcmcLhB
mwbt0_sx113,sCcJLABcnbLkcCBnDLwULuOLktBwLhbLA
mwbt0_sx203,lwLAeaUSsywDLkwLkcLhIcLHBywLucLlwKBaIr
mwbt0_sx23,lFULBPUwKwDUveDBgwULBgeQBcJByE
mwbt0_sx293,ByULMsLlwULMPsmyLMsLhcLABeJLMclwLAByDwUtcCsy
mwbt0_sx383,lwLAebLHwLASymnrULKisbDLHFPBegaIycDLMFIaBLk
mwew0_si1361,ScmwDwJLScDJnLKDCSySnBLAcDLuacmwmrU
mwew0_si1991,ScFNLByLHBIFBClwJLMIyLMwDLABnJLwDUwDCbJLAJLwDnDwEcCaB
mwew0_si731,ctLvyTPUBsmrlwLkFELMBnBnD
mwew0_sx101,kwDwLunrDLKiwBnDLknLArsLlrLASnKcirDztIaBaBksJU
mwew0_sx11,vyBearQInBegw
mwew0_sx191,SOLzIaBtaFDyBnLAPUsKwDUwScDLU
mwew0_sx281,AaIywDLMInKLHBsLMnbLSOLhyLzLhBJtrwerU
mwew0_sx371,InDeCwDBbLHwlwLhnJLNbtrLhwUDwJLCrLzrU
